n,t_enc_mean_ms,t_enc_std_ms,t_he_mean_ms,t_he_std_ms,t_dec_mean_ms,t_dec_std_ms,t_plain_mean_ms,t_plain_std_ms,error_mean,error_std
10,105.06326363732417,2.4289582234714318,133.3297499610732,167.703552963323,4.853874988233049,0.12117617457650628,0.0021253557254870734,4.167755235825677e-05,2.5705351921108863e-09,1.205172193126142e-09
100,1045.491847442463,5.676140957287125,328.59922231485444,1.5321825077844375,5.000305284435551,0.09206899051408347,0.00224968728919824,0.0006859434310480049,1.2837517715524882e-08,1.6467049059801085e-08
500,5961.565805366263,800.7664940394238,1893.4701804537326,435.1226430536931,5.669597303494811,1.4869675164701672,0.005346955731511116,0.0014042378621090242,1.8107433182497818e-08,1.1121462662044731e-08
